<?xml  version="1.0" encoding="UTF-8"?>
<beans xmlns="http://www.springframework.org/schema/beans"
       xmlns:xsi="http://www.w3.org/2001/XMLSchema-instance"
       xmlns:tx="http://www.springframework.org/schema/tx"
       xsi:schemaLocation="http://www.springframework.org/schema/beans
        http://www.springframework.org/schema/beans/spring-beans.xsd
        http://www.springframework.org/schema/tx
        http://www.springframework.org/schema/tx/spring-tx-3.0.xsd">
 
    <tx:annotation-driven/>
   
    <!-- dataSource -->
    <bean id="dataSource" class="com.alibaba.druid.pool.DruidDataSource" init-method="init" destroy-method="close">
        <property name="url" value="${jdbcUrl}"/>
        <property name="driverClassName" value="${driverClassName}"/>
        <property name="username" value="${jdbcUsername}"/>
        <property name="password" value="${jdbcPassword}"/>
        <property name="filters" value="${druidFilters}"/>
        <property name="maxActive" value="${maxActive}"/>
        <property name="initialSize" value="${initialSize}"/>
        <property name="maxWait" value="${maxWait}"/>
        <property name="minIdle" value="${minIdle}"/>
        <property name="timeBetweenEvictionRunsMillis" value="${timeBetweenEvictionRunsMillis}"/>
        <property name="minEvictableIdleTimeMillis" value="${minEvictableIdleTimeMillis}"/>
        <property name="validationQuery" value="select 1 from dual"/>
        <property name="testWhileIdle" value="true"/>
        <property name="testOnBorrow" value="false"/>
        <property name="testOnReturn" value="false"/>
        <property name="maxOpenPreparedStatements" value="20"/>
        <!-- 打开removeAbandoned功能 -->
        <property name="removeAbandoned" value="true"/>
        <!-- 180秒，也就是3分钟 -->
        <property name="removeAbandonedTimeout" value="180"/>
        <!-- 关闭abanded连接时输出错误日志 -->
        <property name="logAbandoned" value="true"/>
    </bean>

    <bean id="sqlSessionFactory" class="org.mybatis.spring.SqlSessionFactoryBean">
        <property name="dataSource" ref="dataSource"/>
        <property name="configLocation" value="classpath:/mybatis/mybatis-config.xml"/>
        <property name="mapperLocations" value="classpath:mapper/**/*.xml"/>
        <property name="plugins">
			<array>
				<bean class="com.thebeastshop.common.plugin.cat.CatMybatisPlugins"></bean>
			</array>
		</property>
    </bean>

    <bean class="org.mybatis.spring.mapper.MapperScannerConfigurer">
        <property name="basePackage" value="${package}.mapper"/>
        <property name="sqlSessionFactoryBeanName" value="sqlSessionFactory"/>
    </bean>

    <!-- jdbc模板 -->
	<bean id="jdbcTemplate" class="org.springframework.jdbc.core.JdbcTemplate">
		<property name="dataSource" ref="dataSource" />
	</bean>
	
	<!-- Spring事务管理器 -->
	<bean name="transactionManager" class="org.springframework.jdbc.datasource.DataSourceTransactionManager">
		<property name="dataSource" ref="dataSource"/>
	</bean>
</beans>