<?xml version="1.0" encoding="UTF-8"?>
<beans xmlns:xsi="http://www.w3.org/2001/XMLSchema-instance"
       xmlns="http://www.springframework.org/schema/beans"
       xmlns:context="http://www.springframework.org/schema/context"
       xsi:schemaLocation="http://www.springframework.org/schema/beans
       http://www.springframework.org/schema/beans/spring-beans-4.0.xsd
       http://www.springframework.org/schema/context
       http://www.springframework.org/schema/context/spring-context-4.0.xsd">
	
	<!-- properties工具类 -->
	<bean class="com.thebeastshop.common.prop.PropConstants">
		<property name="locations">
			<list>
				<value>classpath*:config.properties</value>
			</list>
		</property>
	</bean>
	
	<!-- 导入相关的配置文件 -->
	<import resource="classpath*:/applicationContext-dao.xml" />
	<import resource="classpath*:/applicationContext-core.xml" />
	
</beans>