<?xml version="1.0" encoding="UTF-8"?>
<beans xmlns="http://www.springframework.org/schema/beans"
	xmlns:xsi="http://www.w3.org/2001/XMLSchema-instance"
	xsi:schemaLocation="http://www.springframework.org/schema/beans
        http://www.springframework.org/schema/beans/spring-beans.xsd">

	<bean id="redisPoolConfig" class="redis.clients.jedis.JedisPoolConfig">
		<property name="maxTotal" value="${redis.pool.maxActive}" />
		<property name="maxIdle" value="${redis.pool.maxIdle}" />
		<property name="maxWaitMillis" value="${redis.pool.maxWait}" />
		<property name="testOnBorrow" value="${redis.pool.testOnBorrow}" />
	</bean>
	
	<bean id="jedisPool" class="redis.clients.jedis.JedisPool" destroy-method="destroy">
		<constructor-arg ref="redisPoolConfig"/>
 		<constructor-arg value="${redis.ip}"/>
 		<constructor-arg type="int" value="${redis.port}"/>
 		<constructor-arg type="int" value="2000"/>
 		<constructor-arg type="String" value="${redis.password}"/>
 	</bean>

	<bean id="redisConnectionFactory" class="org.springframework.data.redis.connection.jedis.JedisConnectionFactory">
		<property name="hostName" value="${redis.ip}" />
		<property name="port" value="${redis.port}" />
		<property name="poolConfig" ref="redisPoolConfig" />
		<property name="password" value="${redis.password}" />
	</bean>
	
	<bean id="redisTemplate" class="org.springframework.data.redis.core.RedisTemplate">
		<property name="connectionFactory" ref="redisConnectionFactory"/>
		<property name="keySerializer">
			<bean class="org.springframework.data.redis.serializer.StringRedisSerializer"/>
		</property>
		<property name="ValueSerializer"> 
          <bean class="org.springframework.data.redis.serializer.GenericJackson2JsonRedisSerializer"></bean> 
      	</property>
		<property name="HashKeySerializer"> 
		  <bean class="org.springframework.data.redis.serializer.StringRedisSerializer"></bean> 
		</property>   
		<property name="HashValueSerializer"> 
		  <bean class="org.springframework.data.redis.serializer.GenericJackson2JsonRedisSerializer"></bean> 
		</property>
	</bean>
	
	<bean id="redisDistributLock" class="com.thebeastshop.common.lock.RedisDistributLock">
		<property name="jedisPool" ref="jedisPool"/>
	</bean>
	
	<bean id="redisClient" class="com.thebeastshop.common.redis.RedisClient">
		<property name="redisTemplate" ref="redisTemplate"/>
	</bean>
</beans>