<?xml version="1.0" encoding="UTF-8" ?>
<!DOCTYPE generatorConfiguration PUBLIC "-//mybatis.org//DTD MyBatis Generator Configuration 1.0//EN" "http://mybatis.org/dtd/mybatis-generator-config_1_0.dtd" >
<generatorConfiguration>
	<properties resource="generator.properties"/>
    <classPathEntry location="src/main/resources/lib/mysql-connector-java-5.1.37.jar" />
	<context id="front">
		<plugin type="com.thebeastshop.common.plugin.mybatis.PaginationPlugin"></plugin>

		<commentGenerator>
			<property name="suppressDate" value="true" />
		</commentGenerator>

		<jdbcConnection driverClass="${jdbc.driverClass}" connectionURL="${jdbc.url}" 
			userId="${jdbc.userId}" password="${jdbc.password}" />

		<javaTypeResolver>
			<property name="forceBigDecimals" value="false" />
		</javaTypeResolver>

		<javaModelGenerator targetPackage="${package}.po" targetProject="src/main/result">
		</javaModelGenerator>

		<sqlMapGenerator targetPackage="${package}.mapper" targetProject="src/main/result" />

		<javaClientGenerator targetPackage="${package}.mapper" targetProject="src/main/result" type="XMLMAPPER" />
		
		<table tableName="t_op_channel" domainObjectName="Channel">
			<generatedKey column="id" sqlStatement="select LAST_INSERT_ID()" identity="true"/>
		</table>
		
	</context>
</generatorConfiguration>