<assembly>
    <id>assembly</id>
    <formats>
        <format>tar.gz</format>
    </formats>
    <includeBaseDirectory>true</includeBaseDirectory>
    <dependencySets>
        <dependencySet>
            <useProjectArtifact>true</useProjectArtifact>
            <outputDirectory>lib</outputDirectory>
            <outputFileNameMapping>${artifact.artifactId}-${artifact.baseVersion}.${artifact.extension}</outputFileNameMapping>
        </dependencySet>
    </dependencySets>
    <fileSets>
        <fileSet>
            <directory>src/main/bin</directory>
            <outputDirectory>/bin</outputDirectory>
        </fileSet>
    </fileSets>
</assembly>

